sample,spin_step,image,dust_fraction,dust_pixels,total_pixels
asdfasdf_20260209_110611,1,DSC_0258.NEF,0.7106927649387217,52248,73517
asdfasdf_20260209_110611,2,DSC_0259.NEF,0.9914713603656298,72890,73517
asdfasdf_20260209_110611,3,DSC_0260.NEF,0.33555504169103745,24669,73517
asdfasdf_20260209_110611,4,DSC_0261.NEF,0.04375858644939266,3217,73517
