sample,spin_step,image,dust_fraction,dust_pixels,total_pixels
test1_20260205_155045,1,DSC_0252.NEF,0.072826693145803,5354,73517
test1_20260205_155045,2,DSC_0254.NEF,0.061544400479781616,4464,72533
test1_20260205_155045,3,DSC_0255.NEF,0.06239918381977858,4526,72533
