sample,spin_step,image,dust_fraction,dust_pixels,total_pixels
ters_20260209_105422,1,DSC_0258.NEF,0.9996735448943782,73493,73517
ters_20260209_105422,2,DSC_0259.NEF,1.0,73517,73517
ters_20260209_105422,3,DSC_0260.NEF,0.950378823945482,69869,73517
ters_20260209_105422,4,DSC_0261.NEF,0.34911653087041095,25666,73517
