sample,spin_step,image,dust_fraction,dust_pixels,total_pixels
tewetrsdf_20260209_110129,1,DSC_0258.NEF,0.9985581566168369,73411,73517
tewetrsdf_20260209_110129,2,DSC_0259.NEF,1.0,73517,73517
tewetrsdf_20260209_110129,3,DSC_0260.NEF,0.8686834337636193,63863,73517
tewetrsdf_20260209_110129,4,DSC_0261.NEF,0.2570017819007849,18894,73517
