sample,spin_step,image,dust_fraction,dust_pixels,total_pixels
abc_20260209_114331,1,DSC_0258.NEF,0.11028741651590789,8108,73517
abc_20260209_114331,2,DSC_0259.NEF,0.10520015778663439,7734,73517
abc_20260209_114331,3,DSC_0260.NEF,0.10968891548893453,8064,73517
abc_20260209_114331,4,DSC_0261.NEF,0.057904974359671915,4257,73517
