sample,spin_step,image,dust_fraction,dust_pixels,total_pixels
ccc_20260209_113931,1,DSC_0258.NEF,0.02912251588068066,2141,73517
ccc_20260209_113931,2,DSC_0259.NEF,0.02574914645592176,1893,73517
ccc_20260209_113931,3,DSC_0260.NEF,0.02860562863011276,2103,73517
ccc_20260209_113931,4,DSC_0261.NEF,0.02929934572955915,2154,73517
