sample,spin_step,image,dust_fraction,dust_pixels,total_pixels
TestABCD_20260209_102335,1,DSC_0258.NEF,0.0748398329638043,5502,73517
TestABCD_20260209_102335,2,DSC_0259.NEF,0.06255695961478297,4599,73517
TestABCD_20260209_102335,3,DSC_0260.NEF,0.062339322877701754,4583,73517
TestABCD_20260209_102335,4,DSC_0261.NEF,0.06760341145585375,4970,73517
