sample,spin_step,image,dust_fraction,dust_pixels,total_pixels
test1111_20260209_111326,1,DSC_0258.NEF,0.9983269175836881,73394,73517
test1111_20260209_111326,2,DSC_0259.NEF,0.9999455908157296,73513,73517
test1111_20260209_111326,3,DSC_0260.NEF,0.8543738183005292,62811,73517
test1111_20260209_111326,4,DSC_0261.NEF,0.23166070432689037,17031,73517
