sample,spin_step,image,dust_fraction,dust_pixels,total_pixels
aaaaaaaaaa_20260209_111639,1,DSC_0258.NEF,0.9992790783084184,73464,73517
aaaaaaaaaa_20260209_111639,2,DSC_0259.NEF,0.9999455908157296,73513,73517
aaaaaaaaaa_20260209_111639,3,DSC_0260.NEF,0.9018594338724377,66302,73517
aaaaaaaaaa_20260209_111639,4,DSC_0261.NEF,0.2742086864262688,20159,73517
