sample,spin_step,image,dust_fraction,dust_pixels,total_pixels
zzz_20260209_112022,1,DSC_0258.NEF,0.002230776555082498,164,73517
zzz_20260209_112022,2,DSC_0259.NEF,0.002026742114068855,149,73517
zzz_20260209_112022,3,DSC_0260.NEF,0.003727029122515881,274,73517
zzz_20260209_112022,4,DSC_0261.NEF,0.0031829372798128325,234,73517
