sample,spin_step,image,dust_fraction,dust_pixels,total_pixels
testsdfa_20260209_105620,1,DSC_0258.NEF,0.9997687609668512,73500,73517
testsdfa_20260209_105620,2,DSC_0259.NEF,1.0,73517,73517
testsdfa_20260209_105620,3,DSC_0260.NEF,0.9757743107036467,71736,73517
testsdfa_20260209_105620,4,DSC_0261.NEF,0.4102996585823687,30164,73517
