sample,spin_step,image,dust_fraction,dust_pixels,total_pixels
bbbb_20260209_113423,1,DSC_0258.NEF,0.012718146823183753,935,73517
bbbb_20260209_113423,2,DSC_0259.NEF,0.010106505978209121,743,73517
bbbb_20260209_113423,3,DSC_0260.NEF,0.011738781506318267,863,73517
bbbb_20260209_113423,4,DSC_0261.NEF,0.012024429723737367,884,73517
