sample,spin_step,image,dust_fraction,dust_pixels,total_pixels
test456_20260209_105038,1,DSC_0258.NEF,0.9993334874926888,73468,73517
test456_20260209_105038,2,DSC_0259.NEF,1.0,73517,73517
test456_20260209_105038,3,DSC_0260.NEF,0.9129044982793095,67114,73517
test456_20260209_105038,4,DSC_0261.NEF,0.2998354122175823,22043,73517
