sample,spin_step,image,dust_fraction,dust_pixels,total_pixels
adfasdfasdfdfsdf_20260209_110829,1,DSC_0258.NEF,0.9861392603071398,72498,73517
adfasdfasdfdfsdf_20260209_110829,2,DSC_0259.NEF,0.9999183862235945,73511,73517
adfasdfasdfdfsdf_20260209_110829,3,DSC_0260.NEF,0.702721819443122,51662,73517
adfasdfasdfdfsdf_20260209_110829,4,DSC_0261.NEF,0.16096957166369683,11834,73517
