sample,spin_step,image,dust_fraction,dust_pixels,total_pixels
Test1_20260209_101156,1,DSC_0252.NEF,0.072826693145803,5354,73517
Test1_20260209_101156,2,DSC_0254.NEF,0.061544400479781616,4464,72533
Test1_20260209_101156,3,DSC_0255.NEF,0.06239918381977858,4526,72533
