sample,spin_step,image,dust_fraction,dust_pixels,total_pixels
test123_20260209_104713,1,DSC_0258.NEF,0.9998911816314594,73509,73517
test123_20260209_104713,2,DSC_0259.NEF,1.0,73517,73517
test123_20260209_104713,3,DSC_0260.NEF,0.9876763197627759,72611,73517
test123_20260209_104713,4,DSC_0261.NEF,0.47334630085558443,34799,73517
